state,A & P Food Stores,Acme Markets,Albertsons,ALDI,Bi-Lo,BJ's Wholesale Club,Brookshire Brothers,C-Town,Costco,Fairway,Flash Foods,Food 4 Less,Food Lion,Foodtown,Fred Meyer,Giant Eagle,Hannaford,Harris Teeter,HEB,Jewel-Osco,Kroger,Market Basket,Meijer,Neighborhood Market,Piggly Wiggly,Price Chopper,Publix,Safeway,Sam's Club,Save A Lot,Save Mart Supermarket,Schnuck Markets,Schwan's Fine Food,Shaws,Shop N Save,Shoprite,Smart & Final,Smiths Food & Drug Centers,Stop & Shop,Trader Joe's,Vons,Walmart Supercenter,Wawa Food Markets,Weis Markets,Whole Foods Market,Winn Dixie,Other,None of these,Don't know,A & P Food Stores_margin,Acme Markets_margin,Albertsons_margin,ALDI_margin,Bi-Lo_margin,BJ's Wholesale Club_margin,Brookshire Brothers_margin,C-Town_margin,Costco_margin,Fairway_margin,Flash Foods_margin,Food 4 Less_margin,Food Lion_margin,Foodtown_margin,Fred Meyer_margin,Giant Eagle_margin,Hannaford_margin,Harris Teeter_margin,HEB_margin,Jewel-Osco_margin,Kroger_margin,Market Basket_margin,Meijer_margin,Neighborhood Market_margin,Piggly Wiggly_margin,Price Chopper_margin,Publix_margin,Safeway_margin,Sam's Club_margin,Save A Lot_margin,Save Mart Supermarket_margin,Schnuck Markets_margin,Schwan's Fine Food_margin,Shaws_margin,Shop N Save_margin,Shoprite_margin,Smart & Final_margin,Smiths Food & Drug Centers_margin,Stop & Shop_margin,Trader Joe's_margin,Vons_margin,Walmart Supercenter_margin,Wawa Food Markets_margin,Weis Markets_margin,Whole Foods Market_margin,Winn Dixie_margin,Other_margin,None of these_margin,Don't know_margin
Alabama,1.0,0.0,0.0,0.09526007505260137,0.0,0.0,0.0,0.0,0.7837262224923063,0.0,0.9147927248857939,0.5,-0.5,0.0,0.0,0.0,0.0,0.0,0.0,0.0,0.44755065191720217,0.0,0.0,-0.483809137455553,-0.03267833929478384,0.0,0.525816892504978,0.0,-0.09751658304383348,-0.20433763534959337,0.0,0.0,0.0,0.0,0.0,0.0,0.0,0.0,0.0,1.0,0.0,0.16395542745653088,-0.5,0.0,0.19248277409294282,-0.02717402448072931,0.06246443168573024,0.23340337362306754,-0.16635184923578863,0.5458670656171869,0.0,0.0,24.01526177569545,0.0,0.0,0.0,0.0,1.914775700623026,0.0,5.446755598740292,0.9282064055634135,1.5261131787673423,0.0,0.0,0.0,0.0,0.0,0.0,0.0,18.1635813348281,0.0,0.0,4.210490330755116,18.54031375914459,0.0,54.96451020399946,0.0,8.32739827578374,4.107908608680434,0.0,0.0,0.0,0.0,0.0,0.0,0.0,0.0,0.0,0.9923008039329014,0.0,153.36897329945492,1.0603804825814807,0.0,5.609540661638542,9.980467398990914,15.404487411365537,14.505643628931423,3.2403270005353053
Alaska,1.0,0.0,-1.0,0.0,0.0,0.0,0.0,0.0,0.2641339363984753,0.0,0.0,0.0,0.0,0.0,-0.30888818300975907,0.0,0.0,0.0,0.0,0.0,0.0,0.0,0.0,0.0,0.0,0.0,0.0,0.07066806129248066,0.0,0.0,0.0,0.0,0.0,0.0,0.0,0.0,0.0,0.0,0.0,0.0,0.0,0.2720886124194337,0.0,0.0,0.0,0.0,1.0,0.19696357123514036,0.0,4.230824224522106,0.0,0.2209370724857502,0.0,0.0,0.0,0.0,0.0,5.440573914515758,0.0,0.0,0.0,0.0,0.0,19.260049292018408,0.0,0.0,0.0,0.0,0.0,0.0,0.0,0.0,0.0,0.0,0.0,0.0,9.893933360233,0.0,0.0,0.0,0.0,0.0,0.0,0.0,0.0,0.0,0.0,0.0,0.0,0.0,7.492865481192133,0.0,0.0,0.0,0.0,1.7381587023051672,2.873435899153267,0.0
Arizona,1.0,0.5,0.19587972622820413,0.0,0.0,0.0,0.0,0.0,-0.12454899953319903,0.0,0.0,-0.17958068995237914,0.0,0.0,-0.09203110680193508,0.0,1.0,0.0,0.0,0.0,0.0009363738309607905,0.0,1.0,0.6270620432540867,0.0,0.0,0.0,-0.052786850329960944,-0.6916774805147401,0.0,0.0,0.0,0.0,0.0,0.0,0.0,0.0,-0.10936169586302558,0.0,0.7840973629951626,-0.6466661557234554,-0.2036680240865625,1.0,0.0,1.0,0.0,0.24664324466023319,-0.2530882332234944,0.0,4.1911181912820705,0.570198499132189,21.964033750721082,0.0,0.0,0.0,0.0,0.0,22.264073440886577,0.0,0.0,4.563016097742892,0.0,0.0,4.067812750662341,0.0,0.2042200003314438,0.0,0.0,0.0,160.0131449871612,0.0,0.6304308062919333,10.209634734463808,0.0,0.0,0.0,71.89400934582338,15.570638775922582,0.0,0.0,0.0,0.0,0.0,0.0,0.0,0.0,11.386946602104235,0.0,7.410028585813976,1.9601823693232854,103.32873172950909,2.4144524278641724,0.0,1.1062381240253902,0.0,64.24063436999384,46.94058390980392,2.282929086736027
Arkansas,0.0,0.0,0.8997084731314182,0.5421136147095054,0.0,0.0,-1.0,0.0,1.0,0.0,0.0,0.0,0.0,0.0,0.0,0.0,0.0,0.0,0.0,0.0,0.17166960495054265,0.0,0.0,0.040773878004772834,0.0,-0.6189941845809253,0.0,0.0,-0.9658077825054746,0.14028431414495698,0.0,0.0,0.0,0.0,0.0,0.0,0.0,0.0,0.0,1.0,0.0,0.12058304333825495,-0.504209594330677,0.0,0.7945058673202664,0.0,0.1677780530942295,-0.28294196603063104,0.0,0.0,0.0,3.054395621063468,9.911848763540775,0.0,0.0,0.5749848252510817,0.0,0.6781041522527727,0.0,0.0,0.0,0.0,0.0,0.0,0.0,0.0,0.0,0.0,0.0,40.78286336340865,0.0,0.0,5.127104591647999,0.0,1.019360770546319,0.0,0.0,2.9863520896844724,2.580389018502404,0.0,0.0,0.0,0.0,0.0,0.0,0.0,0.0,0.0,0.6304308062919333,0.0,102.62744993430833,2.3194673340838263,0.0,1.5339387019737234,0.0,11.759200919410853,11.511577631244943,1.2959038532568246
California,0.42964133226471146,0.976537719787905,0.318922054675739,0.3819190066498784,0.1871679118857909,0.17731624014124367,0.5,0.5,0.3120873734752431,0.0,0.10849061519537917,0.2420299768878269,-0.15532976411512653,0.5,0.806599403435311,0.0,0.0,0.0,1.0,0.0,0.6103906690077645,1.0,0.0,0.6222322795606023,0.0,0.0,0.5,0.48197997410061555,-0.16378351304194633,1.0,-0.029368824990944675,0.0,0.0,0.0,0.0,-1.0,0.12869087747930902,0.8149990915485941,0.0,0.6402456941934931,0.344189274062618,0.21896948173569322,-0.2979046502003383,0.0,0.48821183600760715,0.24158765466626747,0.30387952873581964,0.3222498923493738,0.579153229699569,11.011803753882415,4.708346130225149,96.57229203013512,47.42616033698923,11.268630174550134,10.443651900079967,4.1911181912820705,4.1911181912820705,246.4306835618818,0.0,2.505879250867276,192.27018174964508,10.024921618760086,0.8704292590973508,2.141233177195339,0.0,0.0,0.0,1.8518290882661352,0.0,95.27561716722175,0.78483792507563,0.0,10.512613917767231,0.0,0.0,0.9923008039329014,221.52652576341757,29.011433910940855,0.7712819999999976,29.43891744895594,0.0,0.0,0.0,0.0,1.7444825088327447,49.80258763723956,2.264058440639543,0.0,148.5370739813915,116.48548288287786,212.60855950964395,6.204030987157026,0.0,46.37643744549107,5.57852763150944,309.67705186439895,169.26535937850758,26.862298160363885
Colorado,0.0,0.0,-0.3550250051927418,0.26924434495184346,0.0,1.0,0.0,1.0,0.37044284944505557,0.0,0.0,0.0,0.0,0.0,0.0,0.0,0.0,0.0,0.0,0.0,0.2654994332669075,0.0,0.0,0.586205305737737,0.0,0.0,0.0,0.14323522025412097,0.10050362845920446,-0.20825923541504687,0.0,0.0,0.0,0.0,0.0,0.0,0.0,0.0,0.0,1.0,0.0,0.08957476667891404,-0.7786998158507492,0.0,0.3223645528188246,0.0,0.40390988263625294,0.1787633278977139,-1.0,0.0,0.0,15.07391355043752,3.368353341972341,0.0,1.4491812852166603,0.0,2.3244426419175874,17.797112973753435,0.0,0.0,0.0,0.0,0.0,0.0,0.0,0.0,0.0,0.0,0.0,159.44906504348697,0.0,0.0,2.9780889123827903,0.0,0.0,0.0,41.4127750273193,6.454604322370884,1.6521826129389905,0.0,0.0,0.0,0.0,0.0,0.0,0.0,0.0,0.0,5.921536584250524,0.0,76.81418181968733,3.1296800529049484,0.0,6.162053272030102,0.0,26.154994100856605,10.183235651785033,0.34040134608445016
Connecticut,0.0,1.0,0.0,0.39040871767337765,0.18213182084664106,0.4494870717046828,0.0,0.0,0.43852169148008746,1.0,0.0,0.0,0.0,0.0,0.0,0.0,0.0,0.0,0.0,0.0,0.0,1.0,0.0,0.0,0.0,-0.5167236774538765,0.17530280315755453,0.0,0.0,-0.25374588130684106,0.0,0.0,0.0,1.0,0.0,0.08388678579899356,0.0,0.0,0.5009449173608157,0.7180749823504995,0.0,-0.13112044014024712,0.0,0.0,1.0,0.0,0.5186906543249988,0.2947707873744831,0.5,0.0,0.6304308062919333,0.0,9.959424817542509,5.488069027479156,4.273802684115926,0.0,0.0,2.079875678675239,0.6304308062919333,0.0,0.0,0.0,0.0,0.0,0.0,0.0,0.0,0.0,0.0,0.0,0.2209370724857502,0.0,0.0,0.0,1.0904360891500875,1.394414404347563,0.0,0.0,2.8785128912946867,0.0,0.0,0.0,0.34040134608445016,0.0,47.00386008445555,0.0,0.0,103.1651176460577,1.5673463414334325,0.0,18.700556193492318,0.0,0.0,2.8410869485117507,0.0,13.884950062878636,12.159646877210134,4.230824224522106
Delaware,0.0,0.6084176940711722,0.0,0.4000224053008954,0.0,0.34948714744228493,0.0,0.0,-1.0,0.0,0.0,0.0,0.041129075444584384,0.0,0.0,0.2888475754186889,0.0,1.0,0.0,0.0,0.0,0.0,0.0,0.5,0.0,0.0,1.0,1.0,0.7500681265348761,-0.010547498125204169,0.0,0.0,0.0,0.0,0.0,0.3875026564913961,0.0,0.0,1.0,1.0,0.0,0.3638499085138387,0.0,-0.8077994651089878,-1.0,0.0,0.5177183532488245,1.0,0.0,0.0,13.703343038376289,0.0,1.296571168245762,0.0,7.523896294865478,0.0,0.0,0.3513212954240208,0.0,0.0,0.0,9.143522165499071,0.0,0.0,1.9478208836702406,0.0,0.2577227188686858,0.0,0.0,0.0,0.0,0.0,1.7444825088327447,0.0,0.0,0.2577227188686858,2.3217582976543993,1.1255533994077527,4.329688961912504,0.0,0.0,0.0,0.0,0.0,11.657638868291308,0.0,0.0,0.5194718592799678,1.3230625224188781,0.0,10.431155339617415,0.0,0.9139446350220578,0.2042200003314438,0.0,10.923248617015819,0.9923008039329014,0.0
District of Columbia,0.0,0.0,1.0,0.17518806530104625,0.0,0.0,0.0,0.0,1.0,0.0,0.0,0.0,1.0,0.0,0.0,0.8689105559244449,0.0,0.8101870261496813,0.0,0.0,0.0,0.0,0.0,0.0,0.0,0.0,0.0,0.6220081929487263,0.0,0.0,0.0,0.0,0.0,0.0,0.0,0.0,0.0,0.0,0.0,1.0,0.0,0.4024843637242577,0.0,0.0,1.0,0.0,0.7617121347792749,0.37775863966697687,0.0,0.0,0.0,0.2042200003314438,5.724584412155253,0.0,0.0,0.0,0.0,1.091366331583101,0.0,0.0,0.0,7.721393552716481,0.0,0.0,3.159032191905567,0.0,3.6649592671207447,0.0,0.0,0.0,0.0,0.0,0.0,0.0,0.0,0.0,12.20571179486511,0.0,0.0,0.0,0.0,0.0,0.0,0.0,0.0,0.0,0.0,0.0,1.5108023709034057,0.0,7.873743472734702,0.0,0.0,1.8560928450771486,0.0,7.550657405261575,7.900199516813444,0.0
Florida,0.05928656420733691,0.09734733967766113,0.5551277878984459,0.26504003536939164,0.509875810728823,0.10904851880859416,0.0,0.5,0.5087563715764698,0.4028564694083443,1.0,0.9328205764627719,-0.6444696119242799,1.0,0.67933006546703,0.5,-0.5,0.5,-0.5085051354569251,0.0,0.5362852921705643,1.0,0.0,-0.06006323335421032,-0.28340775282392017,0.5,0.18653663872280601,-0.051753191348040434,0.39008228771714837,0.138118055101708,0.5,0.0,0.0,0.0,0.15732978725082114,0.0,0.0,0.0,0.5044931143557736,0.33848559771618625,1.0,0.2670709424218336,-0.12486353835974356,1.0,0.49861754133762065,0.05056500589159482,0.09939722100088763,0.07735548073665416,1.0,6.102610601277965,9.745005462422514,7.10477358625983,130.7042234026947,4.040272265118569,43.85193861987664,0.0,0.8377057366107779,54.80077684885828,2.8849525771618816,0.6540501626011409,5.080207504443592,1.178107082695228,1.3434131415376838,1.6074018242092958,0.6825708231960399,1.1252392711600803,0.8282315477073657,0.8990412247385229,0.0,8.071780401683542,0.2209370724857502,0.0,4.053524005416472,3.6516216489377396,4.7417189689842605,608.119767486573,9.363718554224208,45.79541247609734,37.12791353365354,0.6540501626011409,0.0,0.0,0.0,1.1281519779660365,0.0,0.0,2.4199809420685825,2.0967291245795048,19.97010686787258,0.35379908256880716,415.81863138728806,7.967337305838234,0.562623339598037,12.642283919934586,194.56373174188602,39.93772734855309,23.461860566355462,0.7292327831983523
Georgia,1.0,0.5,0.5,0.6088691487742087,-0.24505230786196444,0.15368113692740687,0.0,0.0,0.584600043049578,0.0,0.0,-0.5,0.8252778649027313,0.2535327305559849,0.0,0.0,0.0,1.0,0.5541429849750896,0.0,0.2507464787835284,-1.0,0.0,0.4273860334693066,0.3349318490639566,0.0,0.15479684284239836,0.0,0.3476355508664175,0.04464192944360346,0.0,0.0,0.0,0.0,0.0,0.0,0.5,0.0,0.0,0.1833499880751581,0.0,0.2069238573872161,0.0,0.0,0.6188754615546453,-0.34313132859695067,-0.208697340855009,0.3298950332262136,0.04761551853456977,0.7604391828208412,0.8194295790964813,5.738461710500163,29.928017037711975,6.336277066480064,0.6090440142927066,0.0,0.0,18.00204683941731,0.0,0.0,1.7444825088327447,1.0053714580251616,1.1413753657173467,0.0,0.0,0.0,0.7463303266030353,4.654629379162332,0.0,240.77802323802507,0.5181777212403165,0.0,11.834460304120752,11.616173686977245,0.0,95.07336753465127,0.0,2.6677051193270462,4.148946205571529,0.0,0.0,0.0,0.0,0.0,0.0,0.8704292590973508,0.0,0.0,7.681203731871616,0.0,181.42248593162168,0.0,0.0,6.288573349770848,1.6429202629408892,29.78502283087166,40.11613204939999,7.622351915981062
Hawaii,0.0,0.0,-0.7273080130037712,0.0,0.0,0.0,0.0,0.0,0.22227028666432644,0.0,0.0,0.0,0.0,0.0,0.0,0.0,0.0,0.0,0.0,0.0,-0.5,0.0,0.0,0.0,0.0,0.0,0.0,0.2414413035164804,0.6776654827444311,0.0,0.0,0.0,0.0,0.0,0.0,0.0,0.0,0.0,0.0,0.0,0.0,0.251060996373454,0.0,0.0,0.8729252715353264,0.0,0.40618079848169725,0.2192486074926407,1.0,0.0,0.0,0.7727868691945148,0.0,0.0,0.0,0.0,5.738461710500163,14.557174564604136,0.0,0.0,0.0,0.0,0.0,0.0,0.0,0.0,0.0,0.0,0.0,0.8282315477073657,0.0,0.0,0.0,0.0,0.0,0.0,13.047291037854425,2.8252789552279274,0.0,0.0,0.0,0.0,0.0,0.0,0.0,0.0,0.0,0.0,0.0,0.0,3.103647467500113,0.0,0.0,0.8035429341413717,0.0,11.162635246384502,2.5863506537108636,1.8518290882661352
Idaho,0.0,0.0,0.14911337510128214,0.0,0.0,0.0,0.0,0.0,-0.7993095037583605,0.0,0.0,0.0,0.0,0.0,0.4219570388523274,0.0,0.0,0.0,0.0,0.0,-0.5,0.0,0.0,-1.0,0.0,0.0,0.0,0.49127752434735505,-1.0,0.0,0.0,0.0,0.0,0.0,0.0,0.0,0.0,-0.07843558534630346,0.0,0.0,0.0,-0.11502765779368562,0.0,0.0,0.0,-1.0,0.17035419961096177,0.12254252697062346,0.0,0.0,0.0,18.652335812021292,0.0,0.0,0.0,0.0,0.0,5.622706396223263,0.0,0.0,0.0,0.0,0.0,7.771309968710847,0.0,0.0,0.0,0.0,0.0,0.2577227188686858,0.0,0.0,0.3513212954240208,0.0,0.0,0.0,5.6664248684029115,1.6069791526668014,0.0,0.0,0.0,0.0,0.0,0.0,0.0,0.0,2.0625531625543077,0.0,0.0,0.0,25.386933982840656,0.0,0.0,0.0,0.6781041522527727,39.745086601130104,14.174897898116669,0.0
Illinois,0.0,0.0,0.15897077555244055,0.17664059355986797,-1.0,0.0,-0.5,0.5,0.27629546422347573,-0.2977265888381705,-0.5,0.5886660986611737,0.5,0.0,0.0,1.0,0.0,0.0,0.0,0.31408248360375257,0.12470649402202733,0.0,0.116925219245607,1.0,1.0,0.0,0.3873929147849723,0.158338312844674,0.08115078641985973,-0.16200610599627704,0.0,-0.17430111905263507,0.0,1.0,0.4310766635764747,0.0,0.0,0.0,-1.0,0.8252087153300669,0.0,0.07465441415524937,-0.5,0.0,0.5945757418585473,0.0,0.3191553131780181,0.3972780581425136,-0.19091819672735028,0.9015207907123055,0.0,3.4851363858504336,150.16277792866146,3.7435865186464112,0.0,0.6825708231960399,2.282929086736027,18.452962913570257,2.5351002096441047,0.6825708231960399,29.7521583252634,0.6825708231960399,0.0,0.0,0.6825708231960399,0.0,0.0,0.0,148.3090137501269,59.0243303481465,0.0,52.719006767535205,3.6267138759825697,2.192230434350585,0.0,2.1312908716812173,2.6827877270877245,15.890920780843022,15.348405135696773,0.0,14.51502410875676,0.0,0.7604391828208412,5.641058911794465,0.0,0.0,0.0,0.5194718592799678,10.807723147438047,0.0,170.55718634343188,1.7444825088327447,0.0,17.087151723983197,0.0,102.25441144841281,50.83999853854525,12.133448816484302
Indiana,0.0,1.0,1.0,0.0705159458192684,0.5,0.0,0.0,0.0,0.00880599850342595,0.5,0.0,0.1660957874626325,0.0,0.0,0.0,0.0,0.0,0.0,-1.0,0.9490708887353851,0.3504579660588161,0.0,0.3098257917980833,1.0,0.0,0.0,1.0,0.0,-0.38746323777760716,0.6998972091808134,0.0,0.8622915536938943,0.0,0.0,0.0,0.0,0.0,0.0,0.0,1.0,0.0,0.12996398792909122,0.0,0.0,1.0,0.0,0.3064375251867667,0.260667887581029,0.0,0.0,1.34967910534061,1.6130694727829957,54.602210676428506,1.8518290882661352,0.0,0.0,0.0,4.4994454540205835,1.2959038532568246,0.0,6.531140216570753,0.0,0.0,0.0,0.0,0.0,0.0,0.5749848252510817,2.169064676367669,152.23232061064164,0.0,64.4042805341603,1.3053956157057551,0.0,0.0,0.2577227188686858,0.0,3.8353248744882733,4.363448884508448,0.0,4.241574602305275,0.0,0.0,0.0,0.0,0.0,0.0,0.0,0.3513212954240208,0.0,97.780221693859,0.0,0.0,0.9282064055634135,0.0,23.199166436800056,27.87740006495239,0.0
Iowa,0.0,0.0,0.0,0.4037144190132711,0.0,0.0,0.0,0.0,0.4076834571548367,0.29731044675088514,0.0,0.0,0.0,0.0,0.0,0.0,0.0,0.0,0.0,0.0,0.0,0.0,0.0,0.0,1.0,0.852042853886244,0.0,0.0,-0.5,0.0,1.0,0.0,0.0,0.0,0.0,0.0,0.0,0.0,0.0,1.0,0.0,0.16897774938161164,0.0,0.0,0.4611012078954776,0.0,0.45610087864867277,0.23023018184628696,-0.6325455769151961,0.0,0.0,0.0,25.892976264106057,0.0,0.0,0.0,0.0,6.432452680607769,23.820047741271765,0.0,0.0,0.0,0.0,0.0,0.0,0.0,0.0,0.0,0.0,0.0,0.0,0.0,0.0,1.3851975440722035,3.3730457654625274,0.0,0.0,0.3513212954240208,0.0,0.2589215877254777,0.0,0.0,0.0,0.0,0.0,0.0,0.0,0.0,1.2556578572427806,0.0,72.29380436773526,0.0,0.0,2.1166474873263867,0.0,94.24379512894335,20.54228980110168,5.756937403289449
Kansas,0.0,-0.5,0.0,0.2042362060734158,0.0,0.0,0.0,0.0,0.5167638957060663,1.0,0.0,0.0,-1.0,0.0,0.0,0.0,0.0,0.0,0.0,0.0,-0.02851291521319077,0.0,-1.0,0.5851480199154161,0.0,0.24293733122996097,-0.5,0.0,-0.5435503619990076,0.0,0.0,0.0,0.0,0.0,0.0,0.0,0.0,0.0,-0.5,0.19072067730798226,0.0,0.052033142708656,0.0,0.0,1.0,0.0,0.29202067615893246,-0.1510932761844098,-1.0,0.0,7.5784884773017795,0.0,11.495697592616317,0.0,0.0,0.0,0.0,4.195413855091781,0.8704292590973508,0.0,0.0,0.5181777212403165,0.0,0.0,0.0,0.0,0.0,0.0,0.0,31.652321233768657,0.0,0.562623339598037,1.5133805761114663,0.0,14.004160999013791,0.5181777212403165,0.0,2.4989805649244086,0.5154454377373716,0.0,0.0,0.0,0.0,0.0,0.0,0.0,0.0,0.2589215877254777,2.197887352562117,0.0,48.19263575556192,0.0,0.0,0.2589215877254777,0.0,25.23162441913163,20.18696390795893,4.1911181912820705
Kentucky,0.5,1.0,0.0,-0.1385569381464358,-0.5,0.0,0.0,0.0,0.8366148695326294,0.0,0.0,0.0,-0.44004865612579225,0.0,0.0,0.0,0.0,0.0,0.0,0.0,0.09483312742252137,0.0,0.43916976800733415,-0.5,0.0,0.0,0.0,1.0,0.5198481593852415,0.009587387029460326,0.0,0.0,0.0,0.0,0.0,0.0,0.0,0.0,0.0,-0.5,0.0,-0.1113127867960742,0.0,0.0,1.0,1.0,0.04373913640076277,0.4907131827985573,0.0,0.5181777212403165,1.7996586011926416,0.0,13.401588475788545,1.0603804825814807,0.0,0.0,0.0,2.4998602963104792,0.0,0.0,0.0,2.19118659622782,0.0,0.0,0.0,0.0,0.0,0.0,0.0,150.86424653688067,0.0,20.93317872922739,0.8377057366107779,0.0,0.0,0.0,0.6304308062919333,2.617002578407993,20.766084213180996,0.0,0.0,0.0,0.0,0.0,0.0,0.0,0.0,0.0,0.3513212954240208,0.0,72.38604694864041,0.0,0.0,0.2042200003314438,0.9981324503378495,12.265407714628882,20.810015220335025,1.2959038532568246
Louisiana,-0.19710561101027327,1.0,0.09952957501215687,1.0,0.3022909421275946,0.0,0.6593684582961,0.0,-0.380758199954496,0.0,0.0,0.0,0.0,0.0,0.0,0.0,0.0,1.0,0.0,0.0,0.2900844363969408,-0.38074036678398687,0.0,-0.07451580760086152,-1.0,0.0,0.0,1.0,0.31405652513375903,0.441346135104774,0.0,0.0,0.0,0.0,0.0,0.0,0.0,0.0,0.0,0.5853390929784142,0.0,0.046675558016223195,0.0,0.0,1.0,0.4126966351326513,0.14905025527913396,-0.20374563550807578,-1.0,6.948331835440003,0.9739253511399221,7.074785318273873,0.78483792507563,2.5242456291051916,0.0,8.153323378672347,0.0,1.6534029755724233,0.0,0.0,0.0,0.0,0.0,0.0,0.0,0.0,0.5181777212403165,0.0,0.0,17.945195762670426,3.853510699614139,0.0,1.9521983120181223,0.2577227188686858,0.0,0.0,0.2577227188686858,10.51979208700649,4.590034935166809,0.0,0.0,0.0,0.0,0.0,0.0,0.0,0.0,0.0,1.1965208042643452,0.0,122.17398186481729,0.0,0.0,1.2035701552873719,16.025434523802204,23.58350335450249,9.742203690482357,1.3043097843555977
Maine,0.0,0.0,0.0,0.0,0.0,0.7255675927957828,0.0,0.0,0.5,0.0,0.0,0.0,0.0,0.0,0.0,0.0,0.29075749691045816,0.0,0.0,0.0,0.0,-0.6526774215066448,0.0,1.0,0.0,0.0,0.0,0.0,1.0,0.6644584439656211,0.0,0.0,0.0,0.164738140653464,-0.7344508978993423,0.0,0.0,0.0,0.0,1.0,0.0,0.193762256852672,0.0,0.0,0.0,0.0,0.4554086010915172,0.6915306042678876,0.0,0.0,0.0,0.0,0.0,0.0,1.1486085275322497,0.0,0.0,0.8282315477073657,0.0,0.0,0.0,0.0,0.0,0.0,0.0,66.77402974179165,0.0,0.0,0.0,0.0,6.033629800373476,0.0,0.562623339598037,0.0,1.7444825088327447,0.0,0.0,0.5814255379130616,9.743834271837107,0.0,0.0,0.0,13.911093810628378,3.341937892980522,0.0,0.0,0.0,0.0,2.38220192231022,0.0,21.753691206753523,0.0,0.0,0.0,0.0,4.8833308821913235,3.286846743387136,5.1018579732436935
Maryland,0.0,-0.29482826601176126,0.0,0.40888052140482123,0.0,0.5635389460874904,0.0,0.0,0.5950162286040175,1.0,0.0,0.0,-0.06298265953399759,0.0,0.0,-0.09638250459150483,0.0,0.4259000505436946,0.0,0.0,0.0,0.0,0.0,1.0,0.0,0.0,-1.0,0.42678835056808556,0.16851160283254607,0.18541931831703184,0.0,0.0,0.0,1.0,1.0,0.5080760554789249,0.0,0.0,1.0,0.7231989562908396,1.0,0.09623459970897236,0.0,0.5462008577822733,0.5871256884424283,0.0,0.32628925888879984,0.27570277871513116,0.5591768963397841,0.0,1.908332253600416,0.0,31.697598932432662,0.0,6.08670212895266,0.0,0.0,8.005777595075907,0.5194718592799678,0.0,1.2393390397900894,29.49689877037742,0.0,0.0,24.272105459412657,0.0,7.645923151769262,0.0,0.0,0.0,0.0,0.0,0.9923008039329014,0.0,0.0,0.6304308062919333,40.52078439926454,2.7541320299641145,3.358340630110793,0.0,0.0,0.0,0.5181777212403165,0.7604391828208412,16.439583134574878,0.0,0.0,1.2530889775038543,16.117852325362662,1.5261131787673423,42.591893547412994,0.0,10.693466125524996,4.1347199403680115,0.0,65.84430456636882,24.584708471359498,4.753741530880108
Massachusetts,0.0,0.5136040990692343,0.5,0.08348791705291453,0.0,0.2522825317159937,0.0,0.0,0.2622770024872863,0.0,0.0,0.0,0.0,0.0,0.0,1.0,0.5807625392777301,0.0,0.0,0.0,1.0,0.09905570063949953,0.0,0.0,0.0,0.7700706602329749,0.04619532753329825,0.0,-0.5,0.3932609187289951,0.0,0.0,0.0,0.3371499878936598,-1.0,0.0,0.0,0.0,0.45431747516270854,0.46380834237184254,0.0,0.24115229237022404,0.0,0.0,0.8637357936489886,0.0,0.34315718259507233,0.18414185920552206,0.0,0.0,1.4771040062699154,0.562623339598037,6.74898831207536,0.0,11.663775979894998,0.0,0.0,10.393431106706425,0.0,0.0,0.0,0.0,0.0,0.0,0.8282315477073657,10.741518762637233,0.0,0.0,0.0,0.8282315477073657,100.12957148254368,0.0,0.0,0.0,10.676868961840468,1.6505465083044768,0.0,0.35379908256880716,6.635670024213836,0.0,0.0,0.0,39.201588148710606,1.2556578572427806,1.2959038532568246,0.0,0.0,112.77494436082509,12.847538666990758,0.0,22.672842120707337,0.0,0.0,13.210686588263359,0.0,38.92322967361826,23.96117946163045,12.0
Michigan,0.0,0.0,-1.0,0.2944332512498402,0.0,0.0,0.0,0.0,0.5052695692713591,0.0,0.0,0.5,0.0,0.0,0.10200169211323878,0.7432746816916587,0.0,0.0,0.0,0.0,0.17692169274328812,0.0,0.20655571947874318,0.8590028100640129,0.0,0.0,0.0,1.0,-0.5412497637178448,0.11965149960925216,0.0,0.0,0.0,0.0,1.0,0.0,0.0,0.0,0.0,1.0,0.0,-0.02082901072025531,0.0,0.0,0.632466431408746,0.0,0.41513878935033677,0.23331254813115784,0.17463423607820144,0.0,0.0,0.6781041522527727,49.323431338501145,0.0,0.8282315477073657,0.0,0.0,13.778754171194075,0.0,0.0,0.6825708231960399,0.0,0.0,3.685221348660413,1.6130694727829957,0.0,0.0,0.0,0.0,175.83876877423486,0.0,227.7575668298494,2.235614789834286,0.0,0.0,0.0,0.2589215877254777,12.089809669318898,17.703333926102715,0.0,0.0,0.0,0.0,1.2556578572427806,0.0,0.0,0.0,0.0,0.2042200003314438,0.0,112.39019781452677,0.0,0.0,9.358389039761912,0.0,30.688078926881452,41.29529728492689,7.728605430702729
Minnesota,0.0,0.0,0.0,0.12658760123614865,0.0,0.0,0.0,0.5,0.3082387439107451,-0.6922005348910121,0.0,0.5,0.0,0.0,0.0,0.0,0.0,0.0,0.0,0.0,0.0,0.0,0.0,0.4305640624763969,0.0,0.0,0.0,0.19236149497927524,0.15917744569908443,0.0,0.0,0.0,0.0,0.0,0.0,0.0,0.0,0.0,1.0,0.5829110608208796,0.0,0.0010442902712248514,1.0,0.0,0.25931194196085283,1.0,0.20529909311543731,0.043074523708735046,1.0,0.0,0.0,0.0,74.1515151887401,0.0,0.0,0.0,10.004322639452509,16.104137390134557,0.9139446350220578,0.0,0.8344558839428065,0.0,0.0,0.0,0.0,0.0,0.0,0.0,0.0,0.0,0.0,0.0,3.4390180159812105,0.0,0.0,0.0,0.47865979135443604,6.913516245760412,0.0,0.0,0.0,0.0,0.0,0.0,0.0,0.0,0.0,0.6825708231960399,8.007210109031373,0.0,88.63636323678497,0.5194718592799678,0.0,3.4125364118283645,4.230824224522106,126.39554660556668,52.34763791584766,1.8665145248517925
Mississippi,1.0,0.0,-0.5,-0.21259359802223035,0.5,0.0,0.0,0.0,0.0,0.0,0.0,0.0,1.0,0.0,-0.5,0.0,0.0,0.0,0.5,0.0,-0.06060744808138416,0.0,-1.0,-0.6609613318635433,-0.12372672894931774,0.0,0.0,0.0,-0.46484846156263343,0.6010853206701945,0.0,0.0,0.0,0.0,0.0,0.0,0.0,0.0,-1.0,0.0,0.0,0.09236464853436313,0.0,0.0,1.0,0.014217205844684555,0.2467974054078478,-0.028200130381013794,0.0,0.7604391828208412,0.0,1.0603804825814807,4.507892006238281,4.1911181912820705,0.0,0.0,0.0,0.0,0.0,0.0,0.0,2.4199809420685825,0.0,1.0603804825814807,0.0,0.0,0.0,0.3513212954240208,0.0,38.07628295370033,0.0,0.2042200003314438,1.859465794144156,7.92255625386227,0.0,0.0,0.0,1.9326670666622987,2.782913166164239,0.0,0.0,0.0,0.0,0.0,0.0,0.0,0.0,4.518549193176878,0.0,0.0,67.06863447626702,0.0,0.0,0.6781041522527727,3.8226043712500646,13.283790546357052,5.87500485463779,0.0
Missouri,0.0,0.0,0.0,0.08681637618252747,0.0,0.0,0.0,0.0,0.16398674095823484,0.0,0.0,0.16491352390111907,0.0,0.0,0.0,0.0,0.0,0.0,0.0,0.0,0.3876162593762874,0.0,0.0,-0.5953728949742447,-1.0,0.23573209846878834,0.0,0.0,0.08144011585985333,0.6329832894975782,0.0,0.3033777546025108,0.0,0.0,0.2823745836045415,0.0,-1.0,0.0,0.0,-0.06872230868015725,-1.0,0.14120005247378906,0.0,-1.0,0.0,0.0,0.18309253486259794,-0.3250518696304948,-0.5288664215445471,0.0,0.0,0.0,65.6662996389735,0.0,0.0,0.0,0.0,16.084289706900236,0.0,0.0,1.347461264673667,0.0,0.0,0.0,0.0,0.0,0.0,0.0,0.0,10.524916718474019,0.0,0.0,1.7365188394962243,1.7444825088327447,29.17277604483726,0.0,0.0,8.27624145212478,12.13304665768627,0.0,39.382969240227446,0.0,0.0,12.324077319414137,0.0,2.877514224558643,0.0,0.0,2.8192370209269897,1.3851975440722035,133.69360629825005,0.0,0.5749848252510817,0.0,0.0,42.240264701033496,26.008220274895116,1.8306426824938624
Montana,0.0,0.0,0.40035196122312255,1.0,0.0,0.0,0.0,0.0,0.5179692404187566,1.0,0.0,0.0,0.0,0.0,-0.5,0.0,0.0,0.0,0.0,0.0,0.0,0.0,0.0,0.0,0.0,0.0,-1.0,-0.1853539842683593,-1.0,0.0,0.0,0.0,0.0,0.0,0.0,0.0,0.0,-0.7720320603496013,0.0,1.0,0.0,0.19011644536134437,0.0,0.0,-1.0,0.0,0.44232412229785834,0.2668812126528166,0.0,0.0,0.0,24.625368951415343,0.6781041522527727,0.0,0.0,0.0,0.0,8.72127131435276,0.8704292590973508,0.0,0.0,0.0,0.0,1.34967910534061,0.0,0.0,0.0,0.0,0.0,0.0,0.0,0.0,0.0,0.0,0.0,0.5194718592799678,1.9875270992773342,0.2577227188686858,0.0,0.0,0.0,0.0,0.0,0.0,0.0,0.0,12.61383825139999,0.0,0.6608423183416438,0.0,22.31762057713387,0.0,0.0,0.9981324503378495,0.0,15.18168749150703,7.611727478746133,0.0
Nebraska,0.0,0.0,1.0,0.39927881494994744,0.0,0.0,0.0,0.0,0.03571701038897716,0.6650501173150727,0.0,-0.476459909807533,0.0,0.0,1.0,0.0,0.0,0.0,0.0,0.0,0.47135329511627516,0.0,0.0,1.0,0.0,0.0,-0.5,0.8413348819529202,-0.8429554738481824,0.0,0.0,0.0,0.0,0.0,0.0,0.0,0.0,0.0,0.0,-1.0,0.0,0.24807735715394033,0.0,0.0,1.0,0.0,0.2412708800332029,0.2142780129477373,0.0,0.0,0.0,0.3075287081339708,7.5466819682968485,0.0,0.0,0.0,0.0,4.665207848696712,2.0677683672682434,0.0,1.979349716854192,0.0,0.0,0.5194718592799678,0.0,0.0,0.0,0.0,0.0,8.319666047092852,0.0,0.0,0.6781041522527727,0.0,0.0,0.5194718592799678,2.5742268098378953,1.8306426824938624,0.0,0.0,0.0,0.0,0.0,0.0,0.0,0.0,0.0,0.0,0.5194718592799678,0.0,55.27317172429358,0.0,0.0,0.34040134608445016,0.0,37.5297760947073,12.343823493581635,0.0
Nevada,0.0,1.0,0.3630296736319386,0.5,1.0,0.0,1.0,0.0,-0.24413246390167972,0.0,0.0,0.0,0.0,0.0,0.0,1.0,0.0,0.0,1.0,0.0,0.14224308125287558,0.0,0.0,0.0,0.0,0.0,0.0,0.25214083672983245,-0.28807838789576173,0.0,1.0,0.0,0.0,0.0,0.0,0.0,-0.10886518820588127,0.36214782764982945,0.0,0.8558084768288534,-0.04585179130719008,0.23235674469108492,0.0,0.0,0.8040809502651851,0.5,-0.13491506778380677,-0.07424617270034273,0.0,0.0,0.6825708231960399,26.52190794428712,12.0,1.34967910534061,0.0,0.8377057366107779,0.0,27.80170620323795,0.0,0.0,0.0,0.0,0.0,0.0,0.2209370724857502,0.0,0.0,0.78483792507563,0.0,14.601379114944038,0.0,0.0,4.0261203341090495,0.0,0.0,0.0,1.3938819393683364,8.209392655866598,0.0,0.2589215877254777,0.0,0.0,0.0,0.0,0.0,6.038136771013507,100.57017959974888,0.0,4.8729812640514725,3.804018247122095,76.35428686455602,0.0,0.0,5.1205731853945755,0.7604391828208412,23.990780802705903,7.173421116944626,0.0
New Hampshire,0.5,0.0,0.0,-0.5,0.0,1.0,0.0,0.0,0.0,0.0,0.0,0.0,0.0,0.0,0.0,0.0,0.09701959247557579,0.0,0.0,0.0,0.0,0.28756473651915837,0.0,0.0,0.0,-0.5,1.0,0.0,0.0,0.0,0.0,0.0,0.0,0.6498657641491199,1.0,0.0,0.0,0.0,0.1455343114965883,1.0,0.0,0.5315536859464668,0.0,0.0,1.0,0.0,0.3559652769139213,0.41181096316750565,0.0,4.1911181912820705,0.0,0.0,1.5261131787673423,0.0,0.5181777212403165,0.0,0.0,0.0,0.0,0.0,0.0,0.0,0.0,0.0,0.0,32.996913710490105,0.0,0.0,0.0,0.0,59.39869429569256,0.0,0.0,0.0,0.2589215877254777,0.9153861713355319,0.0,0.0,0.0,0.0,0.0,0.0,6.782388426494307,0.5749848252510817,0.0,0.0,0.0,1.3546524662283117,0.2042200003314438,0.0,3.558297403899983,0.0,0.0,0.2589215877254777,0.0,2.2889423431158415,5.010365815338059,0.0
New Jersey,-0.07708326147803041,0.3032838041565724,0.5,-0.1470019076173204,0.0,0.2807561810990543,1.0,0.5,-0.18454539606131415,0.0,0.7893130585699912,-1.0,1.0,0.4799714886017057,1.0,0.0,0.0,0.5,0.0,0.0,0.0,0.0,0.0,-0.5,0.0,0.0,-0.11385800934581004,0.0,0.27880722743433894,-0.2350339693121447,0.0,0.0,0.0,0.0,-0.05072193971285399,0.23885472020818727,1.0,0.0,0.3955748787269522,0.8120477551239138,0.0,0.07775371909224585,0.0,0.21313367136939199,0.47885501507594114,0.0,0.2673680468400019,-0.049857149034531756,-1.0,2.8581748923120687,45.52433271334001,7.721393552716481,33.74084096751017,0.0,14.973495888582598,1.7444825088327447,0.6825708231960399,23.48266664254416,0.570198499132189,1.0002175998898035,2.3244426419175874,0.6540501626011409,5.981296403801931,0.6825708231960399,0.0,0.0,0.78483792507563,0.0,0.0,0.0,0.0,0.0,0.28148978102189764,0.0,0.0,1.7936375447350912,0.0,2.474638066301237,2.1233791295339235,0.0,0.0,0.0,0.0,1.0944566845310495,313.5211069742879,0.3075287081339708,0.0,30.486586700669303,6.2635957787553505,0.0,36.028751219808505,0.0,3.5678979202816263,12.093009609354215,0.0,27.608925138143125,41.72154622474049,0.5749848252510817
New Mexico,0.0,0.0,0.21599886071210497,0.0,0.0,0.0,0.0,0.0,0.8768827400936514,0.0,0.0,0.0,0.0,0.0,0.0,0.0,0.0,0.0,0.0,0.0,-0.17016848538240872,0.0,-0.5,0.0,0.0,0.0,-0.5,-1.0,-0.2810177549829754,0.0,0.0,-0.5,0.0,0.0,0.0,0.0,0.0,0.36947194576162634,0.0,1.0,0.0,-0.1662526867795988,0.5,0.0,1.0,0.0,0.021396434713674084,-0.0326642945088777,-1.0,0.0,0.0,22.58402526144643,0.0,0.0,0.0,0.0,0.0,2.963378180772915,0.0,0.0,0.0,0.0,0.0,0.0,0.0,0.0,0.0,0.0,0.0,1.8445542120023126,0.0,0.6304308062919333,0.0,0.0,0.0,0.562623339598037,0.5787520261193095,3.794240024378032,0.0,0.0,0.5181777212403165,0.0,0.0,0.0,0.0,0.0,35.50818427425719,0.0,4.257028439399624,0.0,46.295083297805014,1.3053956157057551,0.0,3.0136532338816204,0.0,10.55511909151368,8.884182260308275,7.5784884773017795
New York,0.3054311931695681,0.38527142757089455,0.07594405211342409,0.24713434143814694,0.0,0.3797398220308158,-0.7977418979027908,0.6013536136092523,0.48550286633753986,0.8993966750555706,0.8185284693611692,0.6380162296250715,0.09590893062559225,0.603268961467674,1.0,-1.0,0.2985147735198475,1.0,0.0,0.0,-1.0,0.5,1.0,0.6609402425469648,0.5,0.5063462560904171,-0.3391321149009596,1.0,0.8664902454796126,0.2615710620573469,0.0,0.0,0.0,0.0,-1.0,0.5768372324322467,-0.5,0.16653805282480322,0.38387871160082154,0.7646488654080519,0.5,0.23532742499771547,-1.0,0.49120482670812105,0.6314342819510325,0.0,0.36968223376034137,0.41816881240599685,-0.0694489302634837,25.571943458313665,15.257125941576758,7.032005204955279,136.11020661833072,0.0,71.5855681520148,1.3908548873054027,22.42119377121781,40.439252490788654,13.780258495646299,21.274393635009872,3.153358345833378,1.6463509665340423,26.112171549535372,2.6401842542256184,0.9015207907123055,29.82111905435116,0.6781041522527727,0.0,0.0,1.5261131787673423,1.2417396399959442,0.8704292590973508,10.194630946007663,5.738461710500163,62.26927537529551,9.38106587689826,1.2395943444609534,3.860732420556292,17.71736802134192,0.0,0.0,0.0,0.0,1.6732087106503593,131.0616587794305,1.2186797009920116,1.2284378888132268,162.72200598863867,48.912171948306224,0.8704292590973508,147.55572864101276,0.2589215877254777,3.288105097743185,27.560298849967584,0.0,240.80165424396526,142.72351813377833,12.50918643803718
North Carolina,-0.5,1.0,-0.30839327877145317,0.310868950493144,0.001637337510794562,-0.0037578388982328903,0.0,0.0,0.29916693253314125,0.7969389261196448,0.0,0.0,0.10391757579955713,0.0,0.0,0.0,0.0,0.3474842589246553,0.0,0.0,0.3394530924135978,0.0,0.0,0.6145750825289303,0.3291783701186945,0.0,0.08498392479985639,1.0,-0.4761887850171817,0.614505453548047,0.0,0.0,0.0,0.0,1.0,-1.0,0.0,0.0,0.0,0.8574136274056876,0.0,0.12852994033842272,-1.0,0.0,0.5506314241798747,0.0,0.10694658096705484,-0.07221227390655155,0.0,3.6298382576233426,0.562623339598037,2.664843988002038,51.654492744183706,5.444728083704644,2.2559459426402344,0.0,0.0,6.406863070977418,1.6807032735338894,0.0,0.0,186.56280586183786,0.0,0.0,0.0,0.0,88.200394676127,0.0,0.0,10.086868787111344,0.0,0.0,11.612402948307743,9.98749690683637,0.0,14.837409103016704,0.3513212954240208,4.325805535686479,3.3205369668343243,0.0,0.0,0.0,0.0,0.9923008039329014,0.5749848252510817,0.0,0.0,0.0,3.6149698485136454,0.0,150.5472634112462,0.34040134608445016,0.0,3.2407687794846187,0.0,42.328736801991965,32.0059622939439,1.5586372118553466
North Dakota,0.0,0.0,-0.43916108931578113,-1.0,0.0,0.0,0.0,0.0,0.5738205279942137,0.0,0.0,0.0,0.5,0.0,0.0,0.0,0.0,0.0,0.0,0.0,0.0,0.0,0.0,0.38100063896714786,0.0,0.0,0.0,0.0,0.0,0.0,0.0,0.0,0.0,0.0,0.0,0.0,0.0,0.0,0.0,0.0,0.0,-0.08594349152693606,0.0,0.0,0.0,0.0,0.5135229384126696,0.7691894930786386,0.5,0.0,0.0,1.2528420861363263,0.562623339598037,0.0,0.0,0.0,0.0,1.5974553841477774,0.0,0.0,0.0,0.562623339598037,0.0,0.0,0.0,0.0,0.0,0.0,0.0,0.0,0.0,0.0,0.8327075441197676,0.0,0.0,0.0,0.0,0.0,0.0,0.0,0.0,0.0,0.0,0.0,0.0,0.0,0.0,0.0,0.0,0.0,15.667861960729057,1.8518290882661352,0.0,0.0,0.0,11.355197565508817,2.233197459736904,1.8518290882661352
Ohio,1.0,0.18553249619926782,0.0,0.14953056583305777,-0.5,-0.2696352255655496,0.0,0.0,0.31199567582765153,0.0,0.0,-1.0,0.0,0.0,0.0,0.2875223083329531,0.0,0.0,0.0,1.0,0.22845413688344215,0.5,0.2370831293863075,0.2974347818783051,0.0,0.0,0.5,1.0,-0.49731914719427783,0.3541719395031667,0.0,0.0,0.0,-1.0,1.0,0.0,0.0,0.0,0.0,-0.1207802992965134,0.0,0.32060351289626393,0.0,0.0,0.4254188540953838,0.6329842395570915,0.4506082481022626,0.10933863623312137,0.8346917014206879,0.78483792507563,29.305546242007324,2.3244426419175874,127.40754135311533,2.3244426419175874,2.5228057089213225,0.0,0.0,10.023158900955005,0.0,0.0,0.5181777212403165,0.0,0.0,0.0,135.83753706838695,0.0,0.0,0.0,0.9923008039329014,313.5799543125243,0.9981324503378495,59.90514832016172,3.1168600310121963,0.0,0.0,0.2577227188686858,1.3908548873054027,11.326974545976825,41.022872054065076,0.0,0.0,0.0,1.34967910534061,1.8518290882661352,0.0,0.0,0.0,0.0,8.322340348760378,0.0,149.04329610327432,0.0,0.0,3.0297870554974566,0.8346508066233771,50.36584954250736,29.35614086689557,2.004772970121778
Oklahoma,0.0,0.0,-0.5,0.5111231671501215,0.0,0.0,0.0,0.0,0.20472104855207657,0.0,0.0,0.0,0.0,1.0,0.0,0.0,0.0,0.0,1.0,0.0,1.0,0.0,-1.0,-0.10044989585838954,0.0,0.0,0.0,0.5,0.23069673256537704,-0.3431009968458241,-1.0,0.0,0.0,0.0,0.0,0.0,0.0,0.0,0.0,0.37167317083137963,0.0,0.059903084684048785,0.0,0.0,-1.0,0.0,0.21069261600057956,-0.26049649792502744,-0.5,0.0,0.0,1.5261131787673423,28.487405986788442,0.0,0.0,0.0,0.0,15.227950537599376,0.0,0.0,0.0,0.0,0.9471884210526322,0.0,0.0,0.0,0.0,1.990433254270751,0.0,0.78483792507563,0.0,0.5181777212403165,9.856792221342282,0.0,0.0,0.0,0.2577227188686858,5.769080443875432,4.945396161558091,1.5261131787673423,0.0,0.0,0.0,0.0,0.0,0.0,0.0,0.0,0.8203460584667228,0.0,103.09519875228193,0.0,0.0,0.2042200003314438,0.0,51.6295616179085,30.647464938665596,1.9661589433559503
Oregon,0.0,-0.5,-0.13268125950976994,0.0,0.0,0.0,0.0,0.0,0.3182035656804979,0.0,0.5,-0.325438576853031,0.0,0.0,0.44236280122153926,-1.0,0.0,0.0,0.0,0.0,0.7311769727813533,0.0,0.0,-0.7460533497516588,-1.0,0.0,0.0,0.23036153231939363,0.0,0.0,0.0,0.0,0.0,0.0,0.0,0.0,0.0,0.0,0.0,0.5520427951637036,0.0,0.04383478775214056,0.0,0.0,1.0,0.0,0.3958693521854648,0.2451104052987383,0.4336591138450012,0.0,4.0261203341090495,6.3160757448386935,0.0,0.0,0.0,0.0,0.0,20.15472916175508,0.0,0.6825708231960399,1.5363396229298436,0.0,0.0,91.19452575153493,1.3851975440722035,0.0,0.0,0.0,0.0,4.531189315097936,0.0,0.0,0.691722641508471,0.5181777212403165,0.0,0.0,61.831100722156236,0.0,0.0,0.0,0.0,0.0,0.0,0.0,0.0,0.0,0.0,0.0,8.097810532684168,0.0,40.553438070809825,0.0,0.0,4.802622701476286,0.0,68.68260572936279,22.409094083722437,2.288204657189726
Pennsylvania,0.0,0.43213327390160566,-0.4016415076213693,0.22686049071298306,0.2977978603080005,-0.2621699922186286,1.0,0.0,0.06938184551431154,1.0,0.0,-0.5,0.4356161462390904,0.5,0.0,0.15240245471421993,1.0,1.0,0.0,0.0,0.5,0.0,0.0,0.1437237981269959,0.0,0.32162065586245686,0.5,0.0,0.3450983124596608,0.06674358213342782,0.0,0.0,0.0,1.0,0.48755233449015256,0.30171001491815796,0.0,0.0,0.0,0.8031280590644839,1.0,0.08617226111330376,0.0,0.024636140846183596,0.44810625187784564,0.0,0.10393266614994262,0.20605055143235623,0.01684984194986236,0.0,56.69609404558041,3.3167434458504887,151.73165634590865,7.967589425792454,15.181171852662784,0.5181777212403165,0.0,16.43579207269726,0.8282315477073657,0.0,0.8262894948805625,0.7236918596114116,0.5749848252510817,0.0,196.90086697367354,0.6781041522527727,0.78483792507563,0.0,0.0,0.7604391828208412,0.0,0.0,9.28637841331235,0.0,14.757205362694513,0.8282315477073657,0.0,16.553927556984245,33.35501583650662,0.0,0.0,0.0,0.6825708231960399,29.788384071037605,74.20133075459808,0.0,0.0,0.0,17.480667495710858,0.34040134608445016,271.4426244145851,0.0,98.25661020075425,9.543968440236473,0.4084400006628876,215.93136415650923,95.77731533209072,5.150851801375972
Rhode Island,0.0,0.0,0.0,0.9522959959416276,0.0,-0.5497403339624773,0.0,0.0,0.0,0.0,0.0,0.0,0.0,0.0,0.0,1.0,0.0,0.0,0.0,0.0,0.0,-0.26953425768317885,0.0,0.0,0.0,0.0,0.0,0.0,0.0,0.2888475754186889,0.0,0.0,0.0,0.2608074004441435,0.0,0.0,0.0,0.0,0.6619403566071806,1.0,0.0,0.5852859240859548,0.0,0.0,0.9358092827928837,0.0,0.43767374777213824,0.14852008592863514,0.0,0.0,0.0,0.0,2.701269253554968,0.0,0.9813762553065914,0.0,0.0,0.0,0.0,0.0,0.0,0.0,0.0,0.0,0.34040134608445016,0.0,0.0,0.0,0.0,0.0,1.7734539447798379,0.0,0.0,0.0,0.0,0.0,0.0,0.0,1.9478208836702406,0.0,0.0,0.0,5.162375950812949,0.0,0.0,0.0,0.0,31.759079185935843,2.6616753287847703,0.0,7.106109055094174,0.0,0.0,5.281948712808563,0.0,3.775990969740615,5.295178175219235,0.0
South Carolina,0.0,0.0,0.0,0.08576877343820183,0.4072134808667105,-0.5,0.0,0.0,0.36193861925364995,0.0,0.0,0.0,0.26001516507775735,0.0,0.0,0.0,0.0,-0.07032083519674412,0.0,0.0,0.44314379573886775,0.0,0.0,1.0,0.015087767555815812,0.0,0.2039327982383815,0.0,0.27923041716994684,0.0,0.0,0.5,0.0,0.0,0.0,0.0,0.0,0.0,0.0,0.6105159054644543,0.0,0.281080683536743,0.0,0.0,0.682670603789516,0.0,0.26960611416008307,0.5301552731395965,-1.0,0.0,0.0,0.0,40.413097103506544,47.188481746913205,0.3513212954240208,0.0,0.0,3.354120328950593,0.0,0.0,0.0,31.736800171876396,0.0,0.0,0.0,0.0,9.892850752467863,0.0,0.0,18.936041959995038,0.0,0.0,0.7604391828208412,5.082861022429276,0.0,39.60378543036799,0.0,2.38598638413176,0.0,0.0,1.9661589433559503,0.0,0.0,0.0,0.0,0.0,0.0,0.0,3.0485375862069297,0.0,112.83735820504467,0.0,0.0,3.274022926860537,0.0,18.06381183037105,8.989106365118143,1.5261131787673423
South Dakota,0.0,0.0,0.0,1.0,0.0,0.0,0.0,0.0,-1.0,0.40688072139366543,0.0,0.0,0.0,0.0,0.0,0.0,0.0,0.0,0.0,0.0,0.0,0.0,0.0,0.0,0.0,0.0,0.0,-0.41544141512531874,-0.13824853799431702,-1.0,0.0,0.0,0.0,0.0,0.0,0.0,0.0,0.0,0.0,0.0,0.0,0.018320523297932767,0.0,0.0,0.0,0.0,0.02742868834086193,0.8720644609069561,0.0,0.0,0.0,0.0,0.6781041522527727,0.0,0.0,0.0,0.0,1.0808010608383536,2.3237229551097895,0.0,0.0,0.0,0.0,0.0,0.0,0.0,0.0,0.0,0.0,0.0,0.0,0.0,0.0,0.0,0.0,0.0,4.022068879042192,1.4631383504117008,0.562623339598037,0.0,0.0,0.0,0.0,0.0,0.0,0.0,0.0,0.0,0.0,0.0,24.146760276162414,0.0,0.0,0.0,0.0,11.856644787859645,8.236942137364855,0.0
Tennessee,0.0,1.0,0.0,0.46699705702004,0.0,0.0,0.0,0.0,0.44068298180688015,0.0,-1.0,0.0,-0.3868115045817103,0.5,0.0,0.0,0.0,0.0,0.0,0.0,0.2525616821611889,0.0,-1.0,-0.23687735580685898,-0.0070249638281915106,0.0,0.010005094383107538,0.0,0.05545076720666803,0.11622890758511545,0.0,0.0,0.0,0.0,1.0,0.0,0.0,0.0,0.5,1.0,0.0,0.16845797019498332,-0.5,0.0,1.0,0.5,0.06695727384448352,0.3114280810833354,1.0,0.0,0.35379908256880716,0.0,26.1600379301776,0.0,0.0,0.0,0.0,3.82898834181367,0.0,4.91664681472455,0.0,6.5715914470001655,0.9981324503378495,0.0,0.0,0.0,0.0,0.0,0.0,187.78964539339756,0.0,1.2556578572427806,2.5013194847998395,2.0633016963249764,0.0,15.47348471152237,0.0,3.8573564978570145,12.115556168236136,0.0,0.0,0.0,0.0,0.6825708231960399,0.0,0.0,0.0,0.2577227188686858,0.9015207907123055,0.0,123.9482039797657,0.5749848252510817,0.0,3.2920347265032337,0.475807317733457,33.628679681443515,34.3033058822944,1.2959038532568246
Texas,0.6913354656810891,0.9230814483172812,0.09766690073208181,0.2191044070667536,0.8373128067690937,0.0,-0.06907713254403827,0.5,0.23335147469203402,0.0,0.0,0.0,0.0,0.9582255441829421,0.0,0.0,0.0,0.7768794071047712,0.20846756679762954,0.0,0.14314617606300897,-0.5,1.0,0.4059213138900355,0.0,0.0,-1.0,0.6511198926567199,0.5208964432434152,-0.49138176862729654,0.0,0.0,0.0,1.0,0.0,0.5,0.0,0.0,0.0,0.2334795672341605,0.0,0.17062765442265848,0.8820286574033533,0.0,-0.01533427291229067,0.0,0.09484777303071135,-0.08753388278483618,1.0,6.645276652386278,3.368353341972341,37.06442545751662,65.7248805380855,5.361462307474792,0.0,26.7934030345029,12.0,34.9488492955785,0.0,0.0,3.6169797986420473,0.0,16.965937628791398,0.0,0.0,0.0,3.0245507324695513,535.6068790402886,0.0,233.58596780395408,1.2959038532568246,1.34967910534061,7.250246522585574,0.0,0.0,0.5194718592799678,5.3667056491241425,29.50638053304389,1.3385337964222996,0.0,0.0,0.0,0.8707931547039885,0.0,1.2393390397900894,0.0,0.0,0.0,4.631900847737924,0.0,368.41542796573384,3.745605799217721,0.0,8.782574405154232,0.0,73.85251463348266,50.59115643300325,1.9337620094955532
Utah,0.0,0.0,0.21952870178226852,0.0,0.0,0.0,0.0,0.0,0.12387887558303418,1.0,0.0,0.0,0.0,0.0,-0.5,0.0,0.0,0.0,0.0,0.0,0.020785738968624068,0.0,0.0,-1.0,0.0,0.5,0.0,0.0,0.7045459990265347,0.0,0.0,0.0,0.0,0.0,0.0,0.0,0.0,0.09943071042244031,0.0,0.14273738713506745,0.0,0.06812524988271143,0.0,0.0,0.0,0.0,0.3719166912976008,0.01215743753324966,0.0,0.0,0.0,6.127203084429775,0.0,0.0,0.0,0.0,0.0,18.445209688888244,0.8447798378244026,0.0,0.0,0.0,0.0,1.3851975440722035,0.0,0.0,0.0,0.0,0.0,9.60734040857254,0.0,0.0,2.2196959556911295,0.0,0.5787520261193095,0.0,0.0,7.19554455805637,0.0,0.0,0.0,0.0,0.0,0.0,0.0,0.0,39.33911868484505,0.0,2.1756169100020823,0.0,27.84969428386462,0.0,0.0,0.0,0.0,32.30164128662244,17.682053577793468,0.0
Vermont,0.0,0.0,0.0,1.0,0.0,-0.5,0.0,0.0,1.0,0.0,0.0,0.0,1.0,0.0,0.0,0.0,0.48251571468137716,0.0,0.0,0.0,0.0,-0.5,0.0,0.0,0.0,0.7856780756849147,0.0,-1.0,0.0,0.0,0.0,0.0,0.0,0.3752377914777677,0.0,0.0,0.0,0.0,0.0,1.0,0.0,-0.5,0.0,0.0,0.0,0.0,-0.05488596597050259,0.2511246483297883,0.0,0.0,0.0,0.0,2.2098484882788823,0.0,0.3513212954240208,0.0,0.0,0.8707931547039885,0.0,0.0,0.0,0.5749848252510817,0.0,0.0,0.0,14.027328515657073,0.0,0.0,0.0,0.0,0.3513212954240208,0.0,0.0,0.0,18.666424158448756,0.0,0.34040134608445016,0.0,0.0,0.0,0.0,0.0,11.767731460232055,0.0,0.0,0.0,0.0,0.0,0.8194295790964813,0.0,3.091285981847068,0.0,0.0,0.0,0.0,4.82187643523052,3.7778423191419965,0.0
Virginia,0.5,1.0,0.48036514595409807,0.26958239192673383,1.0,-0.2211138782453731,1.0,0.0,-0.061869419391031355,0.0,0.5,0.5,0.08018514938671917,0.5,0.0,0.7054583761324276,0.0,0.4135364569578398,-0.46337517637043035,0.0,0.04090144837338344,0.0,0.0,-0.1548393576607462,-0.7434943188672897,0.5,0.4877901690979467,0.011751546663088863,0.474571238177096,1.0,0.0,0.0,-1.0,0.0,0.687558137976847,0.0,0.0,0.0,0.5,0.789964225972303,0.0,0.1815348404852712,1.0,0.5611812834355777,0.5138045885997081,-1.0,0.41026325958870047,-0.04454351829219838,0.6269399025527143,1.3053956157057551,1.7680505828832,6.404873619559639,39.56126912669192,1.2959038532568246,3.921809905327477,0.7292327831983523,0.0,18.08472752242407,0.0,1.9846016078658029,0.8704292590973508,90.92685499163088,1.7996586011926416,0.0,13.463910701938607,0.0,37.531501312500986,1.3388447612964838,0.0,111.62739460971007,0.0,0.0,3.244633900869583,1.0640447868575034,0.6540501626011409,5.021565295837802,10.95594887864881,1.899653241050155,1.2556578572427806,0.0,0.0,0.3513212954240208,0.0,4.604879458094844,0.0,0.0,0.0,2.722258347363486,8.111248995011634,0.0,135.7444940318826,0.6825708231960399,2.451250471694255,11.10584818155085,0.5194718592799678,72.37379489693929,31.31760498294258,2.2148964752182296
Washington,0.0,1.0,0.45560901835393797,0.0,0.0,0.0,1.0,0.0,0.2651610704007793,0.0,0.0,-0.5,0.0,0.0,0.4629748834128884,0.0,0.0,0.0,-1.0,0.0,0.4872179726232557,0.0,0.0,0.5818344463971421,0.0,0.0,0.0,0.17916801696994378,0.5,0.0,0.0,0.0,0.0,0.0,0.0,1.0,0.0,1.0,0.0,0.5961730704459061,0.5,0.03294302980181335,0.0,0.0,0.3657493235793031,0.0,0.14126522308509065,0.37984161403813543,-1.0,0.0,2.534399911462175,28.524133005157815,0.0,0.0,0.0,1.8518290882661352,0.0,53.33134924308937,0.0,0.0,0.5749848252510817,0.0,0.0,100.68665671192633,0.0,0.0,0.0,0.5749848252510817,0.0,14.41267875004151,0.0,0.0,1.5819841101443557,0.0,0.0,0.0,83.99959503044391,0.2209370724857502,0.0,0.0,0.0,0.0,0.0,0.0,1.2556578572427806,0.0,0.2577227188686858,0.0,11.794281458604912,0.78483792507563,57.637580189061055,0.0,0.0,6.068778732616248,0.0,59.973947895608035,40.298221751691415,1.2556578572427806
West Virginia,0.0,0.0,1.0,0.09242700987258448,0.0,1.0,0.0,0.0,-0.0536635055982187,0.0,0.0,0.0,-0.16845365576699586,0.0,0.0,-0.5,0.0,-0.249064613383979,0.0,0.0,0.1996970619557042,0.0,0.0,-1.0,1.0,0.0,0.0,0.0,0.5036352360313028,-0.5506801661755143,0.0,0.0,0.0,0.0,0.5626736956534414,0.0,0.0,0.0,0.0,0.0,0.0,0.08540837682954766,0.0,0.5,0.0,0.0,-0.4239669916582247,-0.5522113036526464,0.0,0.0,0.0,0.8194295790964813,9.89528326098219,0.0,1.5261131787673423,0.0,0.0,2.2939110909277547,0.0,0.0,0.0,3.20305547507411,0.0,0.0,0.6304308062919333,0.0,1.0376495805202843,0.0,0.0,71.05431883027119,0.0,0.0,1.5261131787673423,0.562623339598037,0.0,0.0,0.0,1.7002315044471557,4.425583906161773,0.0,0.0,0.0,0.0,5.414853064065895,0.0,0.0,0.0,0.0,0.0,0.0,61.08813786449676,0.0,2.016097040063622,0.0,0.0,6.495248861775202,3.038251146658694,0.0
Wisconsin,0.0,-0.13024231103958744,0.0,0.17868786774239429,0.0,0.0,0.0,0.0,0.8911639607413536,0.0,0.0,0.0,0.0,0.0,0.0,-1.0,0.0,0.0,0.0,0.0,-0.01728715946039483,0.0,0.3544116913997873,-0.0372517453706957,0.28439680303463344,1.0,-1.0,0.0,-0.8734372605962648,1.0,0.0,0.0,0.0,0.0,0.0,0.0,0.0,0.0,0.0,1.0,0.0,0.13325971169527728,-0.7461079362638934,0.0,1.0,0.0,0.3417175635845773,0.07683336001966093,-1.0,0.0,3.084881824738429,0.0,84.22116749726605,0.0,0.0,0.0,0.0,13.46732561888148,0.0,0.0,0.0,0.0,0.0,0.0,0.7604391828208412,0.0,0.0,0.0,0.0,36.55883355883505,0.0,14.96672251512744,2.608486385106474,53.468627624868404,0.8282315477073657,0.2577227188686858,0.0,1.0181619016895271,0.9981324503378495,0.0,0.0,0.0,0.0,0.0,0.0,0.0,0.0,0.0,2.099096802245046,0.0,100.70704231097832,3.5441411100253863,0.0,1.7527534116815673,0.0,132.9353061760306,61.64116231975582,2.3244426419175874
Wyoming,0.0,0.0,0.14753506805088074,0.0,0.0,0.0,0.0,0.0,0.0,0.0,0.0,0.0,0.0,0.0,0.0,0.0,0.0,0.0,0.0,0.0,0.47650841610146677,0.0,0.0,-1.0,0.0,0.0,0.0,0.2081023936971936,-0.5,0.0,0.0,0.0,0.0,0.0,0.0,0.0,0.0,1.0,0.0,0.0,0.0,-0.4450949744512489,0.0,0.0,0.0,0.0,-0.10187046751599901,0.5443820614714256,0.0,0.0,0.0,9.463211255319196,0.0,0.0,0.0,0.0,0.0,0.0,0.0,0.0,0.0,0.0,0.0,0.0,0.0,0.0,0.0,0.0,0.0,6.454853906728792,0.0,0.0,0.3513212954240208,0.0,0.0,0.0,5.381243655099419,0.2209370724857502,0.0,0.0,0.0,0.0,0.0,0.0,0.0,0.0,10.496608710896233,0.0,0.0,0.0,20.222877039702723,0.0,0.0,0.0,0.0,5.889148753857326,7.579075238274148,0.0
American Samoa,0.0,0.0,0.0,0.0,0.0,0.0,0.0,0.0,0.0,0.0,0.0,0.0,0.0,0.0,0.0,0.0,0.0,0.0,0.0,0.0,0.0,0.0,0.0,0.0,0.0,0.0,0.0,0.0,0.0,0.0,0.0,0.0,0.0,0.0,0.0,0.0,0.0,0.0,0.0,0.0,0.0,0.0,0.0,0.0,0.0,0.0,0.0,0.0,0.0,0.0,0.0,0.0,0.0,0.0,0.0,0.0,0.0,0.0,0.0,0.0,0.0,0.0,0.0,0.0,0.0,0.0,0.0,0.0,0.0,0.0,0.0,0.0,0.0,0.0,0.0,0.0,0.0,0.0,0.0,0.0,0.0,0.0,0.0,0.0,0.0,0.0,0.0,0.0,0.0,0.0,0.0,0.0,0.0,0.0,0.0,0.0,0.0,0.0
Federated States of Micronesia,0.0,0.0,0.0,0.0,0.0,0.0,0.0,0.0,0.0,0.0,0.0,0.0,0.0,0.0,0.0,0.0,0.0,0.0,0.0,0.0,0.0,0.0,0.0,0.0,0.0,0.0,0.0,0.0,0.0,0.0,0.0,0.0,0.0,0.0,0.0,0.0,0.0,0.0,0.0,0.0,0.0,0.0,0.0,0.0,0.0,0.0,0.0,0.0,0.0,0.0,0.0,0.0,0.0,0.0,0.0,0.0,0.0,0.0,0.0,0.0,0.0,0.0,0.0,0.0,0.0,0.0,0.0,0.0,0.0,0.0,0.0,0.0,0.0,0.0,0.0,0.0,0.0,0.0,0.0,0.0,0.0,0.0,0.0,0.0,0.0,0.0,0.0,0.0,0.0,0.0,0.0,0.0,0.0,0.0,0.0,0.0,0.0,0.0
Guam,0.0,0.0,0.0,0.0,0.0,0.0,0.0,0.0,0.0,0.0,0.0,0.0,0.0,0.0,0.0,0.0,0.0,0.0,0.0,0.0,0.0,0.0,0.0,0.0,0.0,0.0,0.0,0.0,0.0,0.0,0.0,0.0,0.0,0.0,0.0,0.0,0.0,0.0,0.0,0.0,0.0,0.0,0.0,0.0,0.0,0.0,0.0,0.0,0.0,0.0,0.0,0.0,0.0,0.0,0.0,0.0,0.0,0.0,0.0,0.0,0.0,0.0,0.0,0.0,0.0,0.0,0.0,0.0,0.0,0.0,0.0,0.0,0.0,0.0,0.0,0.0,0.0,0.0,0.0,0.0,0.0,0.0,0.0,0.0,0.0,0.0,0.0,0.0,0.0,0.0,0.0,0.0,0.0,0.0,0.0,0.0,0.0,0.0
Marshall Islands,0.0,0.0,0.0,0.0,0.0,0.0,0.0,0.0,0.0,0.0,0.0,0.0,0.0,0.0,0.0,0.0,0.0,0.0,0.0,0.0,0.0,0.0,0.0,0.0,0.0,0.0,0.0,0.0,0.0,0.0,0.0,0.0,0.0,0.0,0.0,0.0,0.0,0.0,0.0,0.0,0.0,0.0,0.0,0.0,0.0,0.0,0.0,0.0,0.0,0.0,0.0,0.0,0.0,0.0,0.0,0.0,0.0,0.0,0.0,0.0,0.0,0.0,0.0,0.0,0.0,0.0,0.0,0.0,0.0,0.0,0.0,0.0,0.0,0.0,0.0,0.0,0.0,0.0,0.0,0.0,0.0,0.0,0.0,0.0,0.0,0.0,0.0,0.0,0.0,0.0,0.0,0.0,0.0,0.0,0.0,0.0,0.0,0.0
Northern Mariana Islands,0.0,0.0,0.0,0.0,0.0,0.0,0.0,0.0,0.0,0.0,0.0,0.0,0.0,0.0,0.0,0.0,0.0,0.0,0.0,0.0,0.0,0.0,0.0,0.0,0.0,0.0,0.0,0.0,0.0,0.0,0.0,0.0,0.0,0.0,0.0,0.0,0.0,0.0,0.0,0.0,0.0,0.0,0.0,0.0,0.0,0.0,0.0,0.0,0.0,0.0,0.0,0.0,0.0,0.0,0.0,0.0,0.0,0.0,0.0,0.0,0.0,0.0,0.0,0.0,0.0,0.0,0.0,0.0,0.0,0.0,0.0,0.0,0.0,0.0,0.0,0.0,0.0,0.0,0.0,0.0,0.0,0.0,0.0,0.0,0.0,0.0,0.0,0.0,0.0,0.0,0.0,0.0,0.0,0.0,0.0,0.0,0.0,0.0
Pala,0.0,0.0,0.0,0.0,0.0,0.0,0.0,0.0,0.0,0.0,0.0,0.0,0.0,0.0,0.0,0.0,0.0,0.0,0.0,0.0,0.0,0.0,0.0,0.0,0.0,0.0,0.0,0.0,0.0,0.0,0.0,0.0,0.0,0.0,0.0,0.0,0.0,0.0,0.0,0.0,0.0,0.0,0.0,0.0,0.0,0.0,0.0,0.0,0.0,0.0,0.0,0.0,0.0,0.0,0.0,0.0,0.0,0.0,0.0,0.0,0.0,0.0,0.0,0.0,0.0,0.0,0.0,0.0,0.0,0.0,0.0,0.0,0.0,0.0,0.0,0.0,0.0,0.0,0.0,0.0,0.0,0.0,0.0,0.0,0.0,0.0,0.0,0.0,0.0,0.0,0.0,0.0,0.0,0.0,0.0,0.0,0.0,0.0
Puerto Rico,0.0,0.0,0.0,0.0,0.0,0.0,0.0,0.0,0.0,0.0,0.0,0.0,0.0,0.0,0.0,0.0,0.0,0.0,0.0,0.0,0.0,0.0,0.0,0.0,0.0,0.0,0.0,0.0,0.0,0.0,0.0,0.0,0.0,0.0,0.0,0.0,0.0,0.0,0.0,0.0,0.0,1.0,0.0,0.0,0.0,0.0,1.0,0.0,-0.5,0.0,0.0,0.0,0.0,0.0,0.0,0.0,0.0,0.6608423183416438,0.0,0.0,0.0,0.0,0.0,0.0,0.0,0.0,0.0,0.0,0.0,0.0,0.0,0.7490257175921713,0.0,0.0,0.0,0.0,0.0,0.0,0.0,0.0,0.0,0.0,0.0,0.0,0.0,0.0,0.0,0.0,0.0,0.0,0.5787520261193095,0.0,0.0,0.0,0.0,7.021508467297007,0.0,0.7292327831983523
U.S. Minor Outlying Islands,0.0,0.0,0.0,0.0,0.0,0.0,0.0,0.0,0.0,0.0,0.0,0.0,0.0,0.0,0.0,0.0,0.0,0.0,0.0,0.0,0.0,0.0,0.0,0.0,0.0,0.0,0.0,0.0,0.0,0.0,0.0,0.0,0.0,0.0,0.0,0.0,0.0,0.0,0.0,0.0,0.0,0.0,0.0,0.0,0.0,0.0,0.0,0.0,0.0,0.0,0.0,0.0,0.0,0.0,0.0,0.0,0.0,0.0,0.0,0.0,0.0,0.0,0.0,0.0,0.0,0.0,0.0,0.0,0.0,0.0,0.0,0.0,0.0,0.0,0.0,0.0,0.0,0.0,0.0,0.0,0.0,0.0,0.0,0.0,0.0,0.0,0.0,0.0,0.0,0.0,0.0,0.0,0.0,0.0,0.0,0.0,0.0,0.0
Virgin Islands,0.0,0.0,0.0,0.0,0.0,0.0,0.0,0.0,0.0,0.0,0.0,0.0,0.0,0.0,0.0,0.0,0.0,0.0,0.0,0.0,0.0,0.0,0.0,0.0,0.0,0.0,0.0,0.0,0.0,0.0,0.0,0.0,0.0,0.0,0.0,0.0,0.0,0.0,0.0,0.0,0.0,0.0,0.0,0.0,0.0,0.0,0.0,0.0,0.0,0.0,0.0,0.0,0.0,0.0,0.0,0.0,0.0,0.0,0.0,0.0,0.0,0.0,0.0,0.0,0.0,0.0,0.0,0.0,0.0,0.0,0.0,0.0,0.0,0.0,0.0,0.0,0.0,0.0,0.0,0.0,0.0,0.0,0.0,0.0,0.0,0.0,0.0,0.0,0.0,0.0,0.0,0.0,0.0,0.0,0.0,0.0,0.0,0.0
Alberta,0.0,0.0,0.0,0.0,0.0,0.0,0.0,0.0,0.0,0.0,0.0,0.0,0.0,0.0,0.0,0.0,0.0,0.0,0.0,0.0,0.0,0.0,0.0,0.0,0.0,0.0,0.0,0.0,0.0,0.0,0.0,0.0,0.0,0.0,0.0,0.0,0.0,0.0,0.0,0.0,0.0,0.0,0.0,0.0,0.0,0.0,0.0,0.0,0.0,0.0,0.0,0.0,0.0,0.0,0.0,0.0,0.0,0.0,0.0,0.0,0.0,0.0,0.0,0.0,0.0,0.0,0.0,0.0,0.0,0.0,0.0,0.0,0.0,0.0,0.0,0.0,0.0,0.0,0.0,0.0,0.0,0.0,0.0,0.0,0.0,0.0,0.0,0.0,0.0,0.0,0.0,0.0,0.0,0.0,0.0,0.0,0.0,0.0
British Columbia,0.0,0.0,0.0,0.0,0.0,0.0,0.0,0.0,1.0,0.0,0.0,0.0,0.0,0.0,0.0,0.0,0.0,0.0,0.0,0.0,0.0,0.0,0.0,0.0,0.0,0.0,0.0,0.0,0.0,0.0,0.0,0.0,0.0,0.0,0.0,0.0,0.0,0.0,0.0,0.0,0.0,0.0,0.0,0.0,0.0,0.0,1.0,0.0,0.0,0.0,0.0,0.0,0.0,0.0,0.0,0.0,0.0,1.3851975440722035,0.0,0.0,0.0,0.0,0.0,0.0,0.0,0.0,0.0,0.0,0.0,0.0,0.0,0.0,0.0,0.0,0.0,0.0,0.0,0.0,0.0,0.0,0.0,0.0,0.0,0.0,0.0,0.0,0.0,0.0,0.0,0.0,0.0,0.0,0.0,0.0,0.0,2.145636726893045,0.0,0.0
Manitoba,0.0,0.0,0.0,0.0,0.0,0.0,0.0,0.0,0.0,0.0,0.0,0.0,0.0,0.0,0.0,0.0,0.0,0.0,0.0,0.0,0.0,0.0,0.0,0.0,0.0,0.0,0.0,0.0,0.0,0.0,0.0,0.0,0.0,0.0,0.0,0.0,0.0,0.0,0.0,0.0,0.0,0.0,0.0,0.0,0.0,0.0,0.0,0.0,0.0,0.0,0.0,0.0,0.0,0.0,0.0,0.0,0.0,0.0,0.0,0.0,0.0,0.0,0.0,0.0,0.0,0.0,0.0,0.0,0.0,0.0,0.0,0.0,0.0,0.0,0.0,0.0,0.0,0.0,0.0,0.0,0.0,0.0,0.0,0.0,0.0,0.0,0.0,0.0,0.0,0.0,0.0,0.0,0.0,0.0,0.0,0.0,0.0,0.0
New Brunswick,0.0,0.0,0.0,0.0,0.0,0.0,0.0,0.0,0.0,0.0,0.0,0.0,0.0,0.0,0.0,0.0,0.0,0.0,0.0,0.0,0.0,0.0,0.0,0.0,0.0,0.0,0.0,0.0,0.0,0.0,0.0,0.0,0.0,0.0,0.0,0.0,0.0,0.0,0.0,0.0,0.0,0.0,0.0,0.0,0.0,0.0,0.0,0.0,0.0,0.0,0.0,0.0,0.0,0.0,0.0,0.0,0.0,0.0,0.0,0.0,0.0,0.0,0.0,0.0,0.0,0.0,0.0,0.0,0.0,0.0,0.0,0.0,0.0,0.0,0.0,0.0,0.0,0.0,0.0,0.0,0.0,0.0,0.0,0.0,0.0,0.0,0.0,0.0,0.0,0.0,0.0,0.0,0.0,0.0,0.0,0.0,0.562623339598037,0.0
Newfoundland,0.0,0.0,0.0,0.0,0.0,0.0,0.0,0.0,0.0,0.0,0.0,0.0,0.0,0.0,0.0,0.0,0.0,0.0,0.0,0.0,0.0,0.0,0.0,0.0,0.0,0.0,0.0,0.0,0.0,0.0,0.0,0.0,0.0,0.0,0.0,0.0,0.0,0.0,0.0,0.0,0.0,0.0,0.0,0.0,0.0,0.0,0.0,0.0,0.0,0.0,0.0,0.0,0.0,0.0,0.0,0.0,0.0,0.0,0.0,0.0,0.0,0.0,0.0,0.0,0.0,0.0,0.0,0.0,0.0,0.0,0.0,0.0,0.0,0.0,0.0,0.0,0.0,0.0,0.0,0.0,0.0,0.0,0.0,0.0,0.0,0.0,0.0,0.0,0.0,0.0,0.0,0.0,0.0,0.0,0.0,0.0,0.0,0.0
Northwest Territories,0.0,0.0,0.0,0.0,0.0,0.0,0.0,0.0,0.0,0.0,0.0,0.0,0.0,0.0,0.0,0.0,0.0,0.0,0.0,0.0,0.0,0.0,0.0,0.0,0.0,0.0,0.0,0.0,0.0,0.0,0.0,0.0,0.0,0.0,0.0,0.0,0.0,0.0,0.0,0.0,0.0,0.0,0.0,0.0,0.0,0.0,0.0,0.0,0.0,0.0,0.0,0.0,0.0,0.0,0.0,0.0,0.0,0.0,0.0,0.0,0.0,0.0,0.0,0.0,0.0,0.0,0.0,0.0,0.0,0.0,0.0,0.0,0.0,0.0,0.0,0.0,0.0,0.0,0.0,0.0,0.0,0.0,0.0,0.0,0.0,0.0,0.0,0.0,0.0,0.0,0.0,0.0,0.0,0.0,0.0,0.0,0.0,0.0
Nova Scotia,0.0,0.0,0.0,0.0,0.0,0.0,0.0,0.0,0.0,0.0,0.0,0.0,0.0,0.0,0.0,0.0,0.0,0.0,0.0,0.0,0.0,0.0,0.0,0.0,0.0,0.0,0.0,0.0,0.0,0.0,0.0,0.0,0.0,0.0,0.0,0.0,0.0,0.0,0.0,0.0,0.0,0.0,0.0,0.0,0.0,0.0,0.0,0.0,0.0,0.0,0.0,0.0,0.0,0.0,0.0,0.0,0.0,0.0,0.0,0.0,0.0,0.0,0.0,0.0,0.0,0.0,0.0,0.0,0.0,0.0,0.0,0.0,0.0,0.0,0.0,0.0,0.0,0.0,0.0,0.0,0.0,0.0,0.0,0.0,0.0,0.0,0.0,0.0,0.0,0.0,0.0,0.0,0.0,0.0,0.0,0.0,0.0,0.0
Nunavut,0.0,0.0,0.0,0.0,0.0,0.0,0.0,0.0,0.0,0.0,0.0,0.0,0.0,0.0,0.0,0.0,0.0,0.0,0.0,0.0,0.0,0.0,0.0,0.0,0.0,0.0,0.0,0.0,0.0,0.0,0.0,0.0,0.0,0.0,0.0,0.0,0.0,0.0,0.0,0.0,0.0,0.0,0.0,0.0,0.0,0.0,0.0,0.0,0.0,0.0,0.0,0.0,0.0,0.0,0.0,0.0,0.0,0.0,0.0,0.0,0.0,0.0,0.0,0.0,0.0,0.0,0.0,0.0,0.0,0.0,0.0,0.0,0.0,0.0,0.0,0.0,0.0,0.0,0.0,0.0,0.0,0.0,0.0,0.0,0.0,0.0,0.0,0.0,0.0,0.0,0.0,0.0,0.0,0.0,0.0,0.0,0.0,0.0
Ontario,0.0,0.0,0.0,0.0,0.0,0.0,0.0,0.0,-1.0,0.0,0.0,0.0,0.0,0.0,0.0,0.0,0.0,0.0,0.0,0.0,0.0,0.0,0.0,0.0,0.0,0.0,0.0,0.0,0.0,0.0,0.0,0.0,0.0,0.0,0.0,0.0,0.0,0.0,0.0,0.0,0.0,1.0,0.0,0.0,1.0,0.0,0.0,0.5,0.0,0.0,0.0,0.0,0.0,0.0,0.0,0.0,0.0,1.7444825088327447,0.0,0.0,0.0,0.0,0.0,0.0,0.0,0.0,0.0,0.0,0.0,0.0,0.0,0.0,0.0,0.0,0.0,0.0,0.0,0.0,0.0,0.0,0.0,0.0,0.0,0.0,0.0,0.0,0.0,0.0,0.0,0.0,1.5610625101475653,0.0,0.0,0.2042200003314438,0.0,0.0,0.6304308062919333,0.0
Prince Edward Island,0.0,0.0,0.0,0.0,0.0,0.0,0.0,0.0,0.0,0.0,0.0,0.0,0.0,0.0,0.0,0.0,0.0,0.0,0.0,0.0,0.0,-0.5,0.0,0.0,0.0,0.0,0.0,0.0,0.0,0.0,0.0,0.0,0.0,0.0,0.0,0.0,0.0,0.0,0.0,1.0,0.0,0.0,0.0,0.0,0.0,0.0,0.0,0.0,0.0,0.0,0.0,0.0,0.0,0.0,0.0,0.0,0.0,0.0,0.0,0.0,0.0,0.0,0.0,0.0,0.0,0.0,0.0,0.0,0.0,0.0,0.9981324503378495,0.0,0.0,0.0,0.0,0.0,0.0,0.0,0.0,0.0,0.0,0.0,0.0,0.0,0.0,0.0,0.0,0.0,1.3851975440722035,0.0,0.0,0.0,0.0,0.0,0.0,0.0,0.0,0.0
Quebec,0.0,0.0,0.0,0.0,0.0,0.0,0.0,0.0,0.0,0.0,0.0,0.0,0.0,0.0,0.0,0.0,0.0,0.0,0.0,0.0,0.0,0.0,0.0,0.0,0.0,0.0,0.0,0.0,0.0,0.0,0.0,0.0,0.0,0.0,0.0,0.0,0.0,0.0,0.0,0.0,0.0,0.0,0.0,0.0,0.0,-1.0,0.5,0.5,0.0,0.0,0.0,0.0,0.0,0.0,0.0,0.0,0.0,0.0,0.0,0.0,0.0,0.0,0.0,0.0,0.0,0.0,0.0,0.0,0.0,0.0,0.0,0.0,0.0,0.0,0.0,0.0,0.0,0.0,0.0,0.0,0.0,0.0,0.0,0.0,0.0,0.0,0.0,0.0,0.0,0.0,0.0,0.0,0.0,0.0,0.2577227188686858,1.2556578572427806,0.3513212954240208,0.0
Saskatchewan,0.0,0.0,0.0,0.0,0.0,0.0,0.0,0.0,0.0,0.0,0.0,0.0,0.0,0.0,0.0,0.0,0.0,0.0,0.0,0.0,0.0,0.0,0.0,0.0,0.0,0.0,0.0,0.0,0.0,0.0,0.0,0.0,0.0,0.0,0.0,0.0,0.0,0.0,0.0,0.0,0.0,0.0,0.0,0.0,0.0,0.0,0.0,0.0,0.0,0.0,0.0,0.0,0.0,0.0,0.0,0.0,0.0,0.0,0.0,0.0,0.0,0.0,0.0,0.0,0.0,0.0,0.0,0.0,0.0,0.0,0.0,0.0,0.0,0.0,0.0,0.0,0.0,0.0,0.0,0.0,0.0,0.0,0.0,0.0,0.0,0.0,0.0,0.0,0.0,0.0,0.0,0.0,0.0,0.0,0.0,0.0,0.0,0.0
Yukon Territory,0.0,0.0,0.0,0.0,0.0,0.0,0.0,0.0,0.0,0.0,0.0,0.0,0.0,0.0,0.0,0.0,0.0,0.0,0.0,0.0,0.0,0.0,0.0,0.0,0.0,0.0,0.0,0.0,0.0,0.0,0.0,0.0,0.0,0.0,0.0,0.0,0.0,0.0,0.0,0.0,0.0,0.0,0.0,0.0,0.0,0.0,0.0,0.0,0.0,0.0,0.0,0.0,0.0,0.0,0.0,0.0,0.0,0.0,0.0,0.0,0.0,0.0,0.0,0.0,0.0,0.0,0.0,0.0,0.0,0.0,0.0,0.0,0.0,0.0,0.0,0.0,0.0,0.0,0.0,0.0,0.0,0.0,0.0,0.0,0.0,0.0,0.0,0.0,0.0,0.0,0.0,0.0,0.0,0.0,0.0,0.0,0.0,0.0
Not in the U.S. or Canada,0.0,1.0,0.0,0.0,0.0,0.0,0.0,0.0,0.0,0.0,0.0,0.0,1.0,0.0,0.0,0.0,0.0,0.0,0.0,0.0,0.0,0.0,0.0,1.0,0.0,0.5,0.0,1.0,0.5,0.0,0.0,0.0,0.0,0.0,0.0,0.0,0.0,0.0,0.0,0.0,0.0,0.16582746017607886,0.0,0.0,0.0,0.0,0.8504329304775886,0.229426974290544,0.0,0.0,0.5883807307704911,0.0,0.0,0.0,0.0,0.0,0.0,0.0,0.0,0.0,0.0,1.5261131787673423,0.0,0.0,0.0,0.0,0.0,0.0,0.0,0.0,0.0,0.0,0.3462906744313211,0.0,0.7604391828208412,0.0,0.5749848252510817,0.5254660030345993,0.0,0.0,0.0,0.0,0.0,0.0,0.0,0.0,0.0,0.0,0.0,0.0,1.550629269279126,0.0,0.0,0.0,0.0,4.649653140741534,1.2530889775038543,0.0
